/*
 Navicat Premium Data Transfer

 Source Server         : Oracle数据库
 Source Server Type    : Oracle
 Source Server Version : 110200
 Source Host           : 127.0.0.1:1521
 Source Schema         : SSM

 Target Server Type    : Oracle
 Target Server Version : 110200
 File Encoding         : 65001

 Date: 28/08/2019 09:23:54
*/


-- ----------------------------
-- Table structure for MEMBER
-- ----------------------------
DROP TABLE "SSM"."MEMBER";
CREATE TABLE "SSM"."MEMBER" (
  "ID" VARCHAR2(32 BYTE) DEFAULT SYS_GUID()  NOT NULL ,
  "NAME" VARCHAR2(20 BYTE) ,
  "NICKNAME" VARCHAR2(20 BYTE) ,
  "PHONENUM" VARCHAR2(20 BYTE) ,
  "EMAIL" VARCHAR2(20 BYTE) 
)
TABLESPACE "USERS"
LOGGING
NOCOMPRESS
PCTFREE 10
INITRANS 1
STORAGE (
  INITIAL 65536 
  NEXT 1048576 
  MINEXTENTS 1
  MAXEXTENTS 2147483645
  BUFFER_POOL DEFAULT
)
PARALLEL 1
NOCACHE
DISABLE ROW MOVEMENT
;

-- ----------------------------
-- Records of "MEMBER"
-- ----------------------------
INSERT INTO "SSM"."MEMBER" VALUES ('E61D65F673D54F68B0861025C69773DB', '张三', '小三', '18888888888', 'zs@163.com');

-- ----------------------------
-- Table structure for ORDERS
-- ----------------------------
DROP TABLE "SSM"."ORDERS";
CREATE TABLE "SSM"."ORDERS" (
  "ID" VARCHAR2(32 BYTE) DEFAULT SYS_GUID()  NOT NULL ,
  "ORDERNUM" VARCHAR2(20 BYTE) NOT NULL ,
  "ORDERTIME" TIMESTAMP(6) ,
  "PEOPLECOUNT" NUMBER ,
  "ORDERDESC" VARCHAR2(500 BYTE) ,
  "PAYTYPE" NUMBER ,
  "ORDERSTATUS" NUMBER ,
  "PRODUCTID" VARCHAR2(32 BYTE) ,
  "MEMBERID" VARCHAR2(32 BYTE) 
)
TABLESPACE "USERS"
LOGGING
NOCOMPRESS
PCTFREE 10
INITRANS 1
STORAGE (
  INITIAL 65536 
  NEXT 1048576 
  MINEXTENTS 1
  MAXEXTENTS 2147483645
  BUFFER_POOL DEFAULT
)
PARALLEL 1
NOCACHE
DISABLE ROW MOVEMENT
;

-- ----------------------------
-- Records of "ORDERS"
-- ----------------------------
INSERT INTO "SSM"."ORDERS" VALUES ('0E7231DC797C486290E8713CA3C6ECCC', '12345', TO_TIMESTAMP('2018-03-02 12:00:00.000000', 'SYYYY-MM-DD HH24:MI:SS:FF6'), '2', '没什么', '0', '1', '676C5BD1D35E429A8C2E114939C5685A', 'E61D65F673D54F68B0861025C69773DB');
INSERT INTO "SSM"."ORDERS" VALUES ('5DC6A48DD4E94592AE904930EA866AFA', '54321', TO_TIMESTAMP('2018-03-02 12:00:00.000000', 'SYYYY-MM-DD HH24:MI:SS:FF6'), '2', '没什么', '0', '1', '676C5BD1D35E429A8C2E114939C5685A', 'E61D65F673D54F68B0861025C69773DB');
INSERT INTO "SSM"."ORDERS" VALUES ('2FF351C4AC744E2092DCF08CFD314420', '67890', TO_TIMESTAMP('2018-03-02 12:00:00.000000', 'SYYYY-MM-DD HH24:MI:SS:FF6'), '2', '没什么', '0', '1', '12B7ABF2A4C544568B0A7C69F36BF8B7', 'E61D65F673D54F68B0861025C69773DB');
INSERT INTO "SSM"."ORDERS" VALUES ('A0657832D93E4B10AE88A2D4B70B1A28', '98765', TO_TIMESTAMP('2018-03-02 12:00:00.000000', 'SYYYY-MM-DD HH24:MI:SS:FF6'), '2', '没什么', '0', '1', '12B7ABF2A4C544568B0A7C69F36BF8B7', 'E61D65F673D54F68B0861025C69773DB');
INSERT INTO "SSM"."ORDERS" VALUES ('E4DD4C45EED84870ABA83574A801083E', '11111', TO_TIMESTAMP('2018-03-02 12:00:00.000000', 'SYYYY-MM-DD HH24:MI:SS:FF6'), '2', '没什么', '0', '1', '12B7ABF2A4C544568B0A7C69F36BF8B7', 'E61D65F673D54F68B0861025C69773DB');
INSERT INTO "SSM"."ORDERS" VALUES ('96CC8BD43C734CC2ACBFF09501B4DD5D', '22222', TO_TIMESTAMP('2018-03-02 12:00:00.000000', 'SYYYY-MM-DD HH24:MI:SS:FF6'), '2', '没什么', '0', '1', '12B7ABF2A4C544568B0A7C69F36BF8B7', 'E61D65F673D54F68B0861025C69773DB');
INSERT INTO "SSM"."ORDERS" VALUES ('55F9AF582D5A4DB28FB4EC3199385762', '33333', TO_TIMESTAMP('2018-03-02 12:00:00.000000', 'SYYYY-MM-DD HH24:MI:SS:FF6'), '2', '没什么', '0', '1', '9F71F01CB448476DAFB309AA6DF9497F', 'E61D65F673D54F68B0861025C69773DB');
INSERT INTO "SSM"."ORDERS" VALUES ('CA005CF1BE3C4EF68F88ABC7DF30E976', '44444', TO_TIMESTAMP('2018-03-02 12:00:00.000000', 'SYYYY-MM-DD HH24:MI:SS:FF6'), '2', '没什么', '0', '1', '9F71F01CB448476DAFB309AA6DF9497F', 'E61D65F673D54F68B0861025C69773DB');
INSERT INTO "SSM"."ORDERS" VALUES ('3081770BC3984EF092D9E99760FDABDE', '55555', TO_TIMESTAMP('2018-03-02 12:00:00.000000', 'SYYYY-MM-DD HH24:MI:SS:FF6'), '2', '没什么', '0', '1', '9F71F01CB448476DAFB309AA6DF9497F', 'E61D65F673D54F68B0861025C69773DB');

-- ----------------------------
-- Table structure for ORDER_TRAVELLER
-- ----------------------------
DROP TABLE "SSM"."ORDER_TRAVELLER";
CREATE TABLE "SSM"."ORDER_TRAVELLER" (
  "ORDERID" VARCHAR2(32 BYTE) NOT NULL ,
  "TRAVELLERID" VARCHAR2(32 BYTE) NOT NULL 
)
TABLESPACE "USERS"
LOGGING
NOCOMPRESS
PCTFREE 10
INITRANS 1
STORAGE (
  INITIAL 65536 
  NEXT 1048576 
  MINEXTENTS 1
  MAXEXTENTS 2147483645
  BUFFER_POOL DEFAULT
)
PARALLEL 1
NOCACHE
DISABLE ROW MOVEMENT
;

-- ----------------------------
-- Records of "ORDER_TRAVELLER"
-- ----------------------------
INSERT INTO "SSM"."ORDER_TRAVELLER" VALUES ('0E7231DC797C486290E8713CA3C6ECCC', '3FE27DF2A4E44A6DBC5D0FE4651D3D3E');
INSERT INTO "SSM"."ORDER_TRAVELLER" VALUES ('2FF351C4AC744E2092DCF08CFD314420', '3FE27DF2A4E44A6DBC5D0FE4651D3D3E');
INSERT INTO "SSM"."ORDER_TRAVELLER" VALUES ('3081770BC3984EF092D9E99760FDABDE', 'EE7A71FB6945483FBF91543DBE851960');
INSERT INTO "SSM"."ORDER_TRAVELLER" VALUES ('55F9AF582D5A4DB28FB4EC3199385762', 'EE7A71FB6945483FBF91543DBE851960');
INSERT INTO "SSM"."ORDER_TRAVELLER" VALUES ('5DC6A48DD4E94592AE904930EA866AFA', '3FE27DF2A4E44A6DBC5D0FE4651D3D3E');
INSERT INTO "SSM"."ORDER_TRAVELLER" VALUES ('96CC8BD43C734CC2ACBFF09501B4DD5D', 'EE7A71FB6945483FBF91543DBE851960');
INSERT INTO "SSM"."ORDER_TRAVELLER" VALUES ('A0657832D93E4B10AE88A2D4B70B1A28', '3FE27DF2A4E44A6DBC5D0FE4651D3D3E');
INSERT INTO "SSM"."ORDER_TRAVELLER" VALUES ('CA005CF1BE3C4EF68F88ABC7DF30E976', 'EE7A71FB6945483FBF91543DBE851960');
INSERT INTO "SSM"."ORDER_TRAVELLER" VALUES ('E4DD4C45EED84870ABA83574A801083E', 'EE7A71FB6945483FBF91543DBE851960');

-- ----------------------------
-- Table structure for PERMISSION
-- ----------------------------
DROP TABLE "SSM"."PERMISSION";
CREATE TABLE "SSM"."PERMISSION" (
  "ID" VARCHAR2(32 BYTE) DEFAULT SYS_GUID()  NOT NULL ,
  "PERMISSIONNAME" VARCHAR2(50 BYTE) ,
  "URL" VARCHAR2(50 BYTE) 
)
TABLESPACE "USERS"
LOGGING
NOCOMPRESS
PCTFREE 10
INITRANS 1
STORAGE (
  INITIAL 65536 
  NEXT 1048576 
  MINEXTENTS 1
  MAXEXTENTS 2147483645
  BUFFER_POOL DEFAULT
)
PARALLEL 1
NOCACHE
DISABLE ROW MOVEMENT
;

-- ----------------------------
-- Records of "PERMISSION"
-- ----------------------------
INSERT INTO "SSM"."PERMISSION" VALUES ('0BEBF756A5F84FE7859B937A0DD37E16', 'user findAll', '/user/findAll.do');
INSERT INTO "SSM"."PERMISSION" VALUES ('96CBA86FEA134DA8900ED5C1B8B35CE3', 'user findById', '/user/findById.do');
INSERT INTO "SSM"."PERMISSION" VALUES ('4906D746BEEA46D2928053090DFA6663', 'role findAll', '/role/findAll');

-- ----------------------------
-- Table structure for PRODUCT
-- ----------------------------
DROP TABLE "SSM"."PRODUCT";
CREATE TABLE "SSM"."PRODUCT" (
  "ID" VARCHAR2(32 BYTE) DEFAULT SYS_GUID()  NOT NULL ,
  "PRODUCTNUM" VARCHAR2(50 BYTE) NOT NULL ,
  "PRODUCTNAME" VARCHAR2(50 BYTE) ,
  "CITYNAME" VARCHAR2(50 BYTE) ,
  "DEPARTURETIME" TIMESTAMP(6) ,
  "PRODUCTPRICE" NUMBER ,
  "PRODUCTDESC" VARCHAR2(500 BYTE) ,
  "PRODUCTSTATUS" NUMBER 
)
TABLESPACE "USERS"
LOGGING
NOCOMPRESS
PCTFREE 10
INITRANS 1
STORAGE (
  INITIAL 65536 
  NEXT 1048576 
  MINEXTENTS 1
  MAXEXTENTS 2147483645
  BUFFER_POOL DEFAULT
)
PARALLEL 1
NOCACHE
DISABLE ROW MOVEMENT
;

-- ----------------------------
-- Records of "PRODUCT"
-- ----------------------------
INSERT INTO "SSM"."PRODUCT" VALUES ('676C5BD1D35E429A8C2E114939C5685A', 'itcast-002', '北京三日游', '北京', TO_TIMESTAMP('2018-10-10 10:10:00.000000', 'SYYYY-MM-DD HH24:MI:SS:FF6'), '1200', '不错的旅行', '1');
INSERT INTO "SSM"."PRODUCT" VALUES ('12B7ABF2A4C544568B0A7C69F36BF8B7', 'itcast-003', '上海五日游', '上海', TO_TIMESTAMP('2018-04-25 14:30:00.000000', 'SYYYY-MM-DD HH24:MI:SS:FF6'), '1800', '魔都我来了', '0');
INSERT INTO "SSM"."PRODUCT" VALUES ('9F71F01CB448476DAFB309AA6DF9497F', 'itcast-001', '北京三日游', '北京', TO_TIMESTAMP('2018-10-10 10:10:00.000000', 'SYYYY-MM-DD HH24:MI:SS:FF6'), '1200', '不错的旅行', '1');
INSERT INTO "SSM"."PRODUCT" VALUES ('5D23D0F541BE4AAB91D8618D101213B6', '12', '而我却', '广州', TO_TIMESTAMP('2019-08-13 09:45:00.000000', 'SYYYY-MM-DD HH24:MI:SS:FF6'), '122', '231 ', '0');

-- ----------------------------
-- Table structure for ROLE
-- ----------------------------
DROP TABLE "SSM"."ROLE";
CREATE TABLE "SSM"."ROLE" (
  "ID" VARCHAR2(32 BYTE) DEFAULT SYS_GUID()  NOT NULL ,
  "ROLENAME" VARCHAR2(50 BYTE) ,
  "ROLEDESC" VARCHAR2(50 BYTE) 
)
TABLESPACE "USERS"
LOGGING
NOCOMPRESS
PCTFREE 10
INITRANS 1
STORAGE (
  INITIAL 65536 
  NEXT 1048576 
  MINEXTENTS 1
  MAXEXTENTS 2147483645
  BUFFER_POOL DEFAULT
)
PARALLEL 1
NOCACHE
DISABLE ROW MOVEMENT
;

-- ----------------------------
-- Records of "ROLE"
-- ----------------------------
INSERT INTO "SSM"."ROLE" VALUES ('2', 'USER', 'VIP');
INSERT INTO "SSM"."ROLE" VALUES ('1', 'ADMIN', 'VIP');
INSERT INTO "SSM"."ROLE" VALUES ('7264E8F9539A4D1594CD6C31B174E833', 'USER', 'VVIP');

-- ----------------------------
-- Table structure for ROLE_PERMISSION
-- ----------------------------
DROP TABLE "SSM"."ROLE_PERMISSION";
CREATE TABLE "SSM"."ROLE_PERMISSION" (
  "PERMISSIONID" VARCHAR2(32 BYTE) NOT NULL ,
  "ROLEID" VARCHAR2(32 BYTE) NOT NULL 
)
TABLESPACE "USERS"
LOGGING
NOCOMPRESS
PCTFREE 10
INITRANS 1
STORAGE (
  INITIAL 65536 
  NEXT 1048576 
  MINEXTENTS 1
  MAXEXTENTS 2147483645
  BUFFER_POOL DEFAULT
)
PARALLEL 1
NOCACHE
DISABLE ROW MOVEMENT
;

-- ----------------------------
-- Records of "ROLE_PERMISSION"
-- ----------------------------
INSERT INTO "SSM"."ROLE_PERMISSION" VALUES ('0BEBF756A5F84FE7859B937A0DD37E16', '1');
INSERT INTO "SSM"."ROLE_PERMISSION" VALUES ('0BEBF756A5F84FE7859B937A0DD37E16', '2');
INSERT INTO "SSM"."ROLE_PERMISSION" VALUES ('4906D746BEEA46D2928053090DFA6663', '2');
INSERT INTO "SSM"."ROLE_PERMISSION" VALUES ('96CBA86FEA134DA8900ED5C1B8B35CE3', '1');
INSERT INTO "SSM"."ROLE_PERMISSION" VALUES ('96CBA86FEA134DA8900ED5C1B8B35CE3', '2');
INSERT INTO "SSM"."ROLE_PERMISSION" VALUES ('96CBA86FEA134DA8900ED5C1B8B35CE3', '7264E8F9539A4D1594CD6C31B174E833');

-- ----------------------------
-- Table structure for SYSLOG
-- ----------------------------
DROP TABLE "SSM"."SYSLOG";
CREATE TABLE "SSM"."SYSLOG" (
  "ID" VARCHAR2(32 BYTE) DEFAULT SYS_GUID()  NOT NULL ,
  "VISITTIME" TIMESTAMP(6) ,
  "USERNAME" VARCHAR2(50 BYTE) ,
  "IP" VARCHAR2(30 BYTE) ,
  "URL" VARCHAR2(50 BYTE) ,
  "EXECUTIONTIME" NUMBER ,
  "METHOD" VARCHAR2(200 BYTE) 
)
TABLESPACE "USERS"
LOGGING
NOCOMPRESS
PCTFREE 10
INITRANS 1
STORAGE (
  INITIAL 65536 
  NEXT 1048576 
  MINEXTENTS 1
  MAXEXTENTS 2147483645
  BUFFER_POOL DEFAULT
)
PARALLEL 1
NOCACHE
DISABLE ROW MOVEMENT
;

-- ----------------------------
-- Records of "SYSLOG"
-- ----------------------------
INSERT INTO "SSM"."SYSLOG" VALUES ('A343BCCB839742E693262FF13F0915D8', TO_TIMESTAMP('2019-08-28 08:58:34.881000', 'SYYYY-MM-DD HH24:MI:SS:FF6'), 'zoick', '0:0:0:0:0:0:0:1', '/product/findAll.do', '15', '[类名] top.zoick.ssm.controller.ProductController[方法名] findAll');
INSERT INTO "SSM"."SYSLOG" VALUES ('0835D04F5C684C4CB17193C4C063038C', TO_TIMESTAMP('2019-08-28 08:58:36.939000', 'SYYYY-MM-DD HH24:MI:SS:FF6'), 'zoick', '0:0:0:0:0:0:0:1', '/orders/findAll.do', '0', '[类名] top.zoick.ssm.controller.OrdersController[方法名] findAll');
INSERT INTO "SSM"."SYSLOG" VALUES ('FF5EE17D86E74EAC9EA26B726FC270F8', TO_TIMESTAMP('2019-08-27 20:51:58.034000', 'SYYYY-MM-DD HH24:MI:SS:FF6'), 'zoick', '0:0:0:0:0:0:0:1', '/product/findAll.do', '12', '[类名] top.zoick.ssm.controller.ProductController[方法名] findAll');
INSERT INTO "SSM"."SYSLOG" VALUES ('008C33272A1448B0837D6072A36AA8FB', TO_TIMESTAMP('2019-08-27 20:51:59.819000', 'SYYYY-MM-DD HH24:MI:SS:FF6'), 'zoick', '0:0:0:0:0:0:0:1', '/orders/findAll.do', '0', '[类名] top.zoick.ssm.controller.OrdersController[方法名] findAll');
INSERT INTO "SSM"."SYSLOG" VALUES ('5322E3A1818744B18DBCC9FA7796E745', TO_TIMESTAMP('2019-08-27 20:37:11.598000', 'SYYYY-MM-DD HH24:MI:SS:FF6'), 'zoick', '0:0:0:0:0:0:0:1', '/user/findAll.do', '15', '[类名] top.zoick.ssm.controller.UserController[方法名] findAll');
INSERT INTO "SSM"."SYSLOG" VALUES ('EC4D28838F6D426F8A3C3A33895292F3', TO_TIMESTAMP('2019-08-27 20:37:13.690000', 'SYYYY-MM-DD HH24:MI:SS:FF6'), 'zoick', '0:0:0:0:0:0:0:1', '/permission/findAll.do', '7', '[类名] top.zoick.ssm.controller.PermissionController[方法名] findAll');
INSERT INTO "SSM"."SYSLOG" VALUES ('3A230B68D74F4BB0AE858C7218EF799C', TO_TIMESTAMP('2019-08-27 20:37:15.326000', 'SYYYY-MM-DD HH24:MI:SS:FF6'), 'zoick', '0:0:0:0:0:0:0:1', '/role/findAll.do', '7', '[类名] top.zoick.ssm.controller.RoleController[方法名] findAll');
INSERT INTO "SSM"."SYSLOG" VALUES ('7353228A5250406798B08D526B10EA73', TO_TIMESTAMP('2019-08-27 20:37:18.334000', 'SYYYY-MM-DD HH24:MI:SS:FF6'), 'zoick', '0:0:0:0:0:0:0:1', '/role/findAll.do', '2', '[类名] top.zoick.ssm.controller.RoleController[方法名] findAll');
INSERT INTO "SSM"."SYSLOG" VALUES ('332E9A7B34C64BB58C105E251C0EC180', TO_TIMESTAMP('2019-08-27 20:37:20.128000', 'SYYYY-MM-DD HH24:MI:SS:FF6'), 'zoick', '0:0:0:0:0:0:0:1', '/product/findAll.do', '10', '[类名] top.zoick.ssm.controller.ProductController[方法名] findAll');
INSERT INTO "SSM"."SYSLOG" VALUES ('7EB5ADC32A7D411A94F1D1931D7F15ED', TO_TIMESTAMP('2019-08-27 20:37:21.674000', 'SYYYY-MM-DD HH24:MI:SS:FF6'), 'zoick', '0:0:0:0:0:0:0:1', '/orders/findAll.do', '0', '[类名] top.zoick.ssm.controller.OrdersController[方法名] findAll');
INSERT INTO "SSM"."SYSLOG" VALUES ('62DA529755384647AC672422C1CB1516', TO_TIMESTAMP('2019-08-27 20:37:23.519000', 'SYYYY-MM-DD HH24:MI:SS:FF6'), 'zoick', '0:0:0:0:0:0:0:1', '/product/findAll.do', '3', '[类名] top.zoick.ssm.controller.ProductController[方法名] findAll');
INSERT INTO "SSM"."SYSLOG" VALUES ('95A7EA93B75545C6890E14F62C2C49C2', TO_TIMESTAMP('2019-08-27 20:37:24.966000', 'SYYYY-MM-DD HH24:MI:SS:FF6'), 'zoick', '0:0:0:0:0:0:0:1', '/orders/findAll.do', '0', '[类名] top.zoick.ssm.controller.OrdersController[方法名] findAll');
INSERT INTO "SSM"."SYSLOG" VALUES ('A851D3B9904047DDA2989D21C53AA8AE', TO_TIMESTAMP('2019-08-27 22:27:55.949000', 'SYYYY-MM-DD HH24:MI:SS:FF6'), 'zoick', '0:0:0:0:0:0:0:1', '/user/findAll.do', '14', '[类名] top.zoick.ssm.controller.UserController[方法名] findAll');
INSERT INTO "SSM"."SYSLOG" VALUES ('3789E3FB6D39456FBAF029B4AF33A124', TO_TIMESTAMP('2019-08-27 22:27:59.380000', 'SYYYY-MM-DD HH24:MI:SS:FF6'), 'zoick', '0:0:0:0:0:0:0:1', '/role/findAll.do', '9', '[类名] top.zoick.ssm.controller.RoleController[方法名] findAll');
INSERT INTO "SSM"."SYSLOG" VALUES ('14CADD167DA3471197A747D10F073D44', TO_TIMESTAMP('2019-08-27 22:28:00.764000', 'SYYYY-MM-DD HH24:MI:SS:FF6'), 'zoick', '0:0:0:0:0:0:0:1', '/permission/findAll.do', '6', '[类名] top.zoick.ssm.controller.PermissionController[方法名] findAll');
INSERT INTO "SSM"."SYSLOG" VALUES ('8B4498801D8141968BB68A0C50D5EDD3', TO_TIMESTAMP('2019-08-27 22:28:02.971000', 'SYYYY-MM-DD HH24:MI:SS:FF6'), 'zoick', '0:0:0:0:0:0:0:1', '/permission/findAll.do', '2', '[类名] top.zoick.ssm.controller.PermissionController[方法名] findAll');
INSERT INTO "SSM"."SYSLOG" VALUES ('43CEBC8D0EF040F3BDAFD6F23F76ED2F', TO_TIMESTAMP('2019-08-27 22:28:04.608000', 'SYYYY-MM-DD HH24:MI:SS:FF6'), 'zoick', '0:0:0:0:0:0:0:1', '/product/findAll.do', '8', '[类名] top.zoick.ssm.controller.ProductController[方法名] findAll');
INSERT INTO "SSM"."SYSLOG" VALUES ('CFD19C1C3F344C81837E969F8EE28E4A', TO_TIMESTAMP('2019-08-27 22:28:06.612000', 'SYYYY-MM-DD HH24:MI:SS:FF6'), 'zoick', '0:0:0:0:0:0:0:1', '/orders/findAll.do', '0', '[类名] top.zoick.ssm.controller.OrdersController[方法名] findAll');
INSERT INTO "SSM"."SYSLOG" VALUES ('D7031378D9184E8C9281842B3E37EAAC', TO_TIMESTAMP('2019-08-28 09:16:53.548000', 'SYYYY-MM-DD HH24:MI:SS:FF6'), 'zoick', '0:0:0:0:0:0:0:1', '/sysLog/findAll.do', '18', '[类名] top.zoick.ssm.controller.SysLogController[方法名] findAll');

-- ----------------------------
-- Table structure for TRAVELLER
-- ----------------------------
DROP TABLE "SSM"."TRAVELLER";
CREATE TABLE "SSM"."TRAVELLER" (
  "ID" VARCHAR2(32 BYTE) DEFAULT SYS_GUID()  NOT NULL ,
  "NAME" VARCHAR2(20 BYTE) ,
  "SEX" VARCHAR2(20 BYTE) ,
  "PHONENUM" VARCHAR2(20 BYTE) ,
  "CREDENTIALSTYPE" NUMBER ,
  "CREDENTIALSNUM" VARCHAR2(50 BYTE) ,
  "TRAVELLERTYPE" NUMBER 
)
TABLESPACE "USERS"
LOGGING
NOCOMPRESS
PCTFREE 10
INITRANS 1
STORAGE (
  INITIAL 65536 
  NEXT 1048576 
  MINEXTENTS 1
  MAXEXTENTS 2147483645
  BUFFER_POOL DEFAULT
)
PARALLEL 1
NOCACHE
DISABLE ROW MOVEMENT
;

-- ----------------------------
-- Records of "TRAVELLER"
-- ----------------------------
INSERT INTO "SSM"."TRAVELLER" VALUES ('3FE27DF2A4E44A6DBC5D0FE4651D3D3E', '张龙', '男', '13333333333', '0', '123456789009876543', '0');
INSERT INTO "SSM"."TRAVELLER" VALUES ('EE7A71FB6945483FBF91543DBE851960', '张小龙', '男', '15555555555', '0', '987654321123456789', '1');

-- ----------------------------
-- Table structure for USERS
-- ----------------------------
DROP TABLE "SSM"."USERS";
CREATE TABLE "SSM"."USERS" (
  "ID" VARCHAR2(32 BYTE) DEFAULT SYS_GUID()  NOT NULL ,
  "EMAIL" VARCHAR2(50 BYTE) NOT NULL ,
  "USERNAME" VARCHAR2(50 BYTE) ,
  "PASSWORD" VARCHAR2(100 BYTE) ,
  "PHONENUM" VARCHAR2(20 BYTE) ,
  "STATUS" NUMBER 
)
TABLESPACE "USERS"
LOGGING
NOCOMPRESS
PCTFREE 10
INITRANS 1
STORAGE (
  INITIAL 65536 
  NEXT 1048576 
  MINEXTENTS 1
  MAXEXTENTS 2147483645
  BUFFER_POOL DEFAULT
)
PARALLEL 1
NOCACHE
DISABLE ROW MOVEMENT
;

-- ----------------------------
-- Records of "USERS"
-- ----------------------------
INSERT INTO "SSM"."USERS" VALUES ('22', 'abarham@qq.com', 'abarham', 'dsa', '15112341234', '1');
INSERT INTO "SSM"."USERS" VALUES ('1', 'zoick@gmail.com', 'zoick', '$2a$10$TxtqMORVLd/mbzLbVaNGUuBAcT4eEl6ptxVSWzf/d1PvCS7PQg0qW', '13012341234', '1');
INSERT INTO "SSM"."USERS" VALUES ('93207C5C95974E6DBEE5723D9780E6C7', 'qingpeng1994@qq.com', 'GUEST', '$2a$10$J50OvqlwUqP4Yu0N0WVq6uK1wjJaWS.QXST.sXZ96vUsr.ls2epd2', '151789461235', '0');
INSERT INTO "SSM"."USERS" VALUES ('63704D0D7713451493C6431C440E5A34', '1545@qq.com', 'test', '$2a$10$4MkFvXze2ayphOU4FKTQGOP8sla1EkWtzLM.vKSVphLAhMFApaXey', '138845654564', '1');
INSERT INTO "SSM"."USERS" VALUES ('C098372160174620B9D85EEE1BE359F4', 'Lex@126.com', 'Lex', '$2a$10$UBGYpqk/TQPrtQrgvc2tvOCWRgOMUyMqTFAZnmMlis9RQncrK.Y9S', '13712341234', '1');
INSERT INTO "SSM"."USERS" VALUES ('AD289A74DAAC463BAABD555C510FE676', 'aaa@qq.com', 'aaa', '$2a$10$ZQCkF5duA2K3M6PaxXMwYuzSDELtdWfKewEeJ/S6/y2wGnyxhSkd6', '123456', '1');

-- ----------------------------
-- Table structure for USERS_ROLE
-- ----------------------------
DROP TABLE "SSM"."USERS_ROLE";
CREATE TABLE "SSM"."USERS_ROLE" (
  "USERID" VARCHAR2(32 BYTE) NOT NULL ,
  "ROLEID" VARCHAR2(32 BYTE) NOT NULL 
)
TABLESPACE "USERS"
LOGGING
NOCOMPRESS
PCTFREE 10
INITRANS 1
STORAGE (
  INITIAL 65536 
  NEXT 1048576 
  MINEXTENTS 1
  MAXEXTENTS 2147483645
  BUFFER_POOL DEFAULT
)
PARALLEL 1
NOCACHE
DISABLE ROW MOVEMENT
;

-- ----------------------------
-- Records of "USERS_ROLE"
-- ----------------------------
INSERT INTO "SSM"."USERS_ROLE" VALUES ('1', '1');
INSERT INTO "SSM"."USERS_ROLE" VALUES ('1', '2');
INSERT INTO "SSM"."USERS_ROLE" VALUES ('1', '7264E8F9539A4D1594CD6C31B174E833');
INSERT INTO "SSM"."USERS_ROLE" VALUES ('22', '1');
INSERT INTO "SSM"."USERS_ROLE" VALUES ('22', '2');
INSERT INTO "SSM"."USERS_ROLE" VALUES ('22', '7264E8F9539A4D1594CD6C31B174E833');
INSERT INTO "SSM"."USERS_ROLE" VALUES ('93207C5C95974E6DBEE5723D9780E6C7', '2');
INSERT INTO "SSM"."USERS_ROLE" VALUES ('C098372160174620B9D85EEE1BE359F4', '1');
INSERT INTO "SSM"."USERS_ROLE" VALUES ('C098372160174620B9D85EEE1BE359F4', '2');
INSERT INTO "SSM"."USERS_ROLE" VALUES ('C098372160174620B9D85EEE1BE359F4', '7264E8F9539A4D1594CD6C31B174E833');

-- ----------------------------
-- Primary Key structure for table MEMBER
-- ----------------------------
ALTER TABLE "SSM"."MEMBER" ADD CONSTRAINT "SYS_C0011156" PRIMARY KEY ("ID");

-- ----------------------------
-- Primary Key structure for table ORDERS
-- ----------------------------
ALTER TABLE "SSM"."ORDERS" ADD CONSTRAINT "SYS_C0011158" PRIMARY KEY ("ID");

-- ----------------------------
-- Uniques structure for table ORDERS
-- ----------------------------
ALTER TABLE "SSM"."ORDERS" ADD CONSTRAINT "SYS_C0011159" UNIQUE ("ORDERNUM") NOT DEFERRABLE INITIALLY IMMEDIATE NORELY VALIDATE;

-- ----------------------------
-- Checks structure for table ORDERS
-- ----------------------------
ALTER TABLE "SSM"."ORDERS" ADD CONSTRAINT "SYS_C0011157" CHECK ("ORDERNUM" IS NOT NULL) NOT DEFERRABLE INITIALLY IMMEDIATE NORELY VALIDATE;

-- ----------------------------
-- Primary Key structure for table ORDER_TRAVELLER
-- ----------------------------
ALTER TABLE "SSM"."ORDER_TRAVELLER" ADD CONSTRAINT "SYS_C0011163" PRIMARY KEY ("ORDERID", "TRAVELLERID");

-- ----------------------------
-- Primary Key structure for table PERMISSION
-- ----------------------------
ALTER TABLE "SSM"."PERMISSION" ADD CONSTRAINT "SYS_C0011219" PRIMARY KEY ("ID");

-- ----------------------------
-- Primary Key structure for table PRODUCT
-- ----------------------------
ALTER TABLE "SSM"."PRODUCT" ADD CONSTRAINT "SYS_C0011054" PRIMARY KEY ("ID");

-- ----------------------------
-- Uniques structure for table PRODUCT
-- ----------------------------
ALTER TABLE "SSM"."PRODUCT" ADD CONSTRAINT "PRODUCT" UNIQUE ("ID", "PRODUCTNUM") NOT DEFERRABLE INITIALLY IMMEDIATE NORELY VALIDATE;

-- ----------------------------
-- Checks structure for table PRODUCT
-- ----------------------------
ALTER TABLE "SSM"."PRODUCT" ADD CONSTRAINT "SYS_C0011053" CHECK ("PRODUCTNUM" IS NOT NULL) NOT DEFERRABLE INITIALLY IMMEDIATE NORELY VALIDATE;

-- ----------------------------
-- Primary Key structure for table ROLE
-- ----------------------------
ALTER TABLE "SSM"."ROLE" ADD CONSTRAINT "SYS_C0011215" PRIMARY KEY ("ID");

-- ----------------------------
-- Primary Key structure for table ROLE_PERMISSION
-- ----------------------------
ALTER TABLE "SSM"."ROLE_PERMISSION" ADD CONSTRAINT "SYS_C0011220" PRIMARY KEY ("PERMISSIONID", "ROLEID");

-- ----------------------------
-- Primary Key structure for table SYSLOG
-- ----------------------------
ALTER TABLE "SSM"."SYSLOG" ADD CONSTRAINT "SYS_C0011380" PRIMARY KEY ("ID");

-- ----------------------------
-- Primary Key structure for table TRAVELLER
-- ----------------------------
ALTER TABLE "SSM"."TRAVELLER" ADD CONSTRAINT "SYS_C0011162" PRIMARY KEY ("ID");

-- ----------------------------
-- Primary Key structure for table USERS
-- ----------------------------
ALTER TABLE "SSM"."USERS" ADD CONSTRAINT "SYS_C0011213" PRIMARY KEY ("ID");

-- ----------------------------
-- Uniques structure for table USERS
-- ----------------------------
ALTER TABLE "SSM"."USERS" ADD CONSTRAINT "SYS_C0011214" UNIQUE ("EMAIL") NOT DEFERRABLE INITIALLY IMMEDIATE NORELY VALIDATE;

-- ----------------------------
-- Checks structure for table USERS
-- ----------------------------
ALTER TABLE "SSM"."USERS" ADD CONSTRAINT "SYS_C0011212" CHECK ("EMAIL" IS NOT NULL) NOT DEFERRABLE INITIALLY IMMEDIATE NORELY VALIDATE;

-- ----------------------------
-- Primary Key structure for table USERS_ROLE
-- ----------------------------
ALTER TABLE "SSM"."USERS_ROLE" ADD CONSTRAINT "SYS_C0011216" PRIMARY KEY ("USERID", "ROLEID");

-- ----------------------------
-- Foreign Keys structure for table ORDERS
-- ----------------------------
ALTER TABLE "SSM"."ORDERS" ADD CONSTRAINT "SYS_C0011160" FOREIGN KEY ("PRODUCTID") REFERENCES "PRODUCT" ("ID") NOT DEFERRABLE INITIALLY IMMEDIATE NORELY VALIDATE;
ALTER TABLE "SSM"."ORDERS" ADD CONSTRAINT "SYS_C0011161" FOREIGN KEY ("MEMBERID") REFERENCES "MEMBER" ("ID") NOT DEFERRABLE INITIALLY IMMEDIATE NORELY VALIDATE;

-- ----------------------------
-- Foreign Keys structure for table ORDER_TRAVELLER
-- ----------------------------
ALTER TABLE "SSM"."ORDER_TRAVELLER" ADD CONSTRAINT "SYS_C0011164" FOREIGN KEY ("ORDERID") REFERENCES "ORDERS" ("ID") NOT DEFERRABLE INITIALLY IMMEDIATE NORELY VALIDATE;
ALTER TABLE "SSM"."ORDER_TRAVELLER" ADD CONSTRAINT "SYS_C0011165" FOREIGN KEY ("TRAVELLERID") REFERENCES "TRAVELLER" ("ID") NOT DEFERRABLE INITIALLY IMMEDIATE NORELY VALIDATE;

-- ----------------------------
-- Foreign Keys structure for table ROLE_PERMISSION
-- ----------------------------
ALTER TABLE "SSM"."ROLE_PERMISSION" ADD CONSTRAINT "SYS_C0011221" FOREIGN KEY ("PERMISSIONID") REFERENCES "PERMISSION" ("ID") NOT DEFERRABLE INITIALLY IMMEDIATE NORELY VALIDATE;
ALTER TABLE "SSM"."ROLE_PERMISSION" ADD CONSTRAINT "SYS_C0011222" FOREIGN KEY ("ROLEID") REFERENCES "ROLE" ("ID") NOT DEFERRABLE INITIALLY IMMEDIATE NORELY VALIDATE;

-- ----------------------------
-- Foreign Keys structure for table USERS_ROLE
-- ----------------------------
ALTER TABLE "SSM"."USERS_ROLE" ADD CONSTRAINT "SYS_C0011217" FOREIGN KEY ("USERID") REFERENCES "USERS" ("ID") NOT DEFERRABLE INITIALLY IMMEDIATE NORELY VALIDATE;
ALTER TABLE "SSM"."USERS_ROLE" ADD CONSTRAINT "SYS_C0011218" FOREIGN KEY ("ROLEID") REFERENCES "ROLE" ("ID") NOT DEFERRABLE INITIALLY IMMEDIATE NORELY VALIDATE;
